City_ID,City,Country,Lat,Lng,Max Temp,Humidity,Cloudiness,Wind Speed,Current Description
0,Ushuaia,AR,-54.8,-68.3,39.2,93,90,32.21,snow
1,Parintins,BR,-2.6283,-56.7358,87.03,61,89,4.03,heavy intensity rain
2,Punta Arenas,CL,-53.15,-70.9167,48.2,57,40,20.71,scattered clouds
3,Tahe,CN,52.3333,124.7333,19.81,91,75,3.62,broken clouds
4,Bengkulu,ID,-3.8004,102.2655,76.44,88,96,13.13,overcast clouds
5,Jumla,NP,29.2747,82.1838,39.76,23,18,4.09,few clouds
6,Grafton,US,42.207,-71.6856,46.99,22,1,11.5,clear sky
7,Nikolskoye,RU,59.7035,30.7861,37.4,75,75,6.71,broken clouds
8,Obo,CF,5.3998,26.4869,82.62,28,99,2.98,overcast clouds
9,Rikitea,PF,-23.1203,-134.9692,77.18,68,55,15.66,broken clouds
10,Caravelas,BR,-17.7125,-39.2481,82.15,67,72,8.12,broken clouds
11,Busselton,AU,-33.65,115.3333,64.99,78,100,4.0,light rain
12,Tura,IN,25.5198,90.2201,74.98,15,0,3.51,clear sky
13,Bredasdorp,ZA,-34.5322,20.0403,71.6,49,16,6.91,few clouds
14,Humaita,BR,-7.5061,-63.0208,89.64,57,100,3.09,light rain
15,Coahuayana,MX,18.7333,-103.6833,84.2,42,20,6.04,few clouds
16,Anito,PH,12.4497,125.2886,77.65,81,20,6.44,few clouds
17,La Ronge,CA,55.1001,-105.2842,41.0,38,49,5.75,scattered clouds
18,Barrow,US,71.2906,-156.7887,-25.6,83,90,3.44,fog
19,Mana,GF,5.6592,-53.7767,81.88,78,96,9.13,overcast clouds
20,Mill Valley,US,37.906,-122.545,54.0,59,38,5.12,scattered clouds
21,Airai,TL,-8.9266,125.4092,61.21,93,100,5.37,overcast clouds
22,Saint-Philippe,RE,-21.3585,55.7679,80.6,78,0,5.75,light rain
23,Hilo,US,19.7297,-155.09,68.0,88,75,3.09,light rain
24,Jamestown,US,42.097,-79.2353,46.0,33,1,10.36,clear sky
25,Sirnak,TR,37.5228,42.4594,43.0,61,43,5.12,scattered clouds
26,Avarua,CK,-21.2078,-159.775,78.8,83,40,8.05,scattered clouds
27,Shenjiamen,CN,29.9576,122.298,52.68,88,98,20.58,overcast clouds
28,Mataura,NZ,-46.1927,168.8643,57.0,63,40,13.0,scattered clouds
29,Atuona,PF,-9.8,-139.0333,80.8,74,99,15.73,overcast clouds
30,Bambanglipuro,ID,-7.95,110.2833,78.58,85,97,2.01,overcast clouds
31,Karratha,AU,-20.7377,116.8463,83.08,51,23,5.55,light rain
32,Vilsbiburg,DE,48.45,12.35,44.01,60,89,5.01,overcast clouds
33,Yuzhne,UA,46.6221,31.1013,46.4,57,20,8.95,few clouds
34,New Norfolk,AU,-42.7826,147.0587,62.6,51,75,12.66,broken clouds
35,Lavrentiya,RU,65.5833,-171.0,1.67,92,100,9.86,overcast clouds
36,Bluff,NZ,-46.6,168.3333,57.0,63,62,13.0,broken clouds
37,Qaanaaq,GL,77.484,-69.3632,-11.16,83,100,9.01,overcast clouds
38,Khilok,RU,51.3674,110.4676,21.88,83,35,3.91,scattered clouds
39,Bundaberg,AU,-24.85,152.35,73.99,94,75,11.5,light rain
40,Luorong,CN,24.4058,109.6086,63.09,76,4,11.92,clear sky
41,Sao Filipe,CV,14.8961,-24.4956,75.49,65,13,8.66,few clouds
42,Cape Town,ZA,-33.9258,18.4232,73.99,49,0,8.05,clear sky
43,Vuktyl,RU,63.8567,57.3094,26.62,92,100,4.38,overcast clouds
44,Goure,NE,13.9835,10.2704,89.01,7,2,5.99,clear sky
45,Ribeira Grande,PT,38.5167,-28.7,62.6,88,75,24.16,broken clouds
46,Aasiaat,GL,68.7098,-52.8699,-1.62,86,70,5.68,broken clouds
47,San Patricio,US,28.017,-97.5169,75.2,53,90,13.8,overcast clouds
48,Booue,GA,-0.0921,11.9385,78.03,90,98,0.43,light rain
49,Albany,US,42.6001,-73.9662,45.0,19,1,8.1,clear sky
50,Kapaa,US,22.0752,-159.319,71.6,78,20,13.8,light rain
51,Tvoroyri,FO,61.5556,-6.8111,44.6,87,20,35.68,few clouds
52,Saint George,US,37.1041,-113.5841,60.8,29,1,2.91,clear sky
53,Deputatskiy,RU,69.3,139.9,-14.1,100,100,1.88,overcast clouds
54,Takhtamygda,RU,54.1,123.5667,17.06,95,100,1.63,overcast clouds
55,Udachnyy,RU,66.4167,112.4,-27.87,100,65,3.67,broken clouds
56,Bambous Virieux,MU,-20.3428,57.7575,81.0,83,40,8.05,light rain
57,Vestmannaeyjar,IS,63.4427,-20.2734,44.6,81,90,29.93,overcast clouds
58,Alcaudete,ES,37.5909,-4.0824,66.99,48,75,11.5,broken clouds
59,Saldanha,ZA,-33.0117,17.9442,73.4,46,20,13.8,few clouds
60,Saskylakh,RU,71.9167,114.0833,-22.77,100,91,2.37,overcast clouds
61,Hualmay,PE,-11.0964,-77.6139,75.33,70,61,9.57,broken clouds
62,Hobart,AU,-42.8794,147.3294,62.6,51,90,4.61,overcast clouds
63,Upernavik,GL,72.7868,-56.1549,-10.79,84,26,5.86,scattered clouds
64,Kaitangata,NZ,-46.2817,169.8464,57.99,46,89,11.99,overcast clouds
65,Flinders,AU,-34.5833,150.8552,64.0,89,24,1.01,few clouds
66,Majene,ID,-3.5403,118.9707,79.36,79,96,5.17,overcast clouds
67,Kosh-Agach,RU,50.0,88.6667,8.82,42,1,5.19,clear sky
68,Carnarvon,AU,-24.8667,113.6333,78.8,89,40,18.41,scattered clouds
69,Clyde River,CA,70.4692,-68.5914,-11.2,70,20,5.39,few clouds
70,Mananara,MG,-16.1667,49.7667,74.98,92,69,4.61,broken clouds
71,San Jose,US,37.3394,-121.895,54.0,71,90,5.75,overcast clouds
72,Bentiu,SS,9.2333,29.8333,93.9,14,32,5.41,scattered clouds
73,Kavieng,PG,-2.5744,150.7967,81.12,78,68,5.57,light rain
74,Kahului,US,20.8947,-156.47,68.0,94,40,5.75,scattered clouds
75,Esperance,AU,-33.8667,121.9,62.6,77,90,16.11,overcast clouds
76,Vredendal,ZA,-31.6683,18.5012,70.95,44,0,12.15,clear sky
77,Dikson,RU,73.5069,80.5464,-19.14,83,34,5.77,scattered clouds
78,Pacific Grove,US,36.6177,-121.9166,53.6,66,90,4.61,overcast clouds
79,Tuatapere,NZ,-46.1333,167.6833,57.0,63,8,13.0,clear sky
80,Hermanus,ZA,-34.4187,19.2345,68.0,72,3,1.99,clear sky
81,Ormara,PK,25.2088,64.6357,81.14,70,0,11.92,clear sky
82,Moba,CN,33.2288,105.0179,41.0,80,100,2.86,overcast clouds
83,Khatanga,RU,71.9667,102.5,-28.05,92,13,3.87,few clouds
84,Naze,JP,28.3667,129.4833,66.18,91,60,6.35,broken clouds
85,East London,ZA,-33.0153,27.9116,66.2,68,0,9.22,clear sky
86,Deer Park,US,29.7052,-95.1238,66.0,59,90,8.05,overcast clouds
87,Marechal Candido Rondon,BR,-24.5561,-54.0567,82.65,42,68,4.47,broken clouds
88,Pinheiro,BR,-2.5214,-45.0825,88.7,56,70,5.32,broken clouds
89,Lompoc,US,34.6391,-120.4579,51.8,82,38,3.44,scattered clouds
90,Georgetown,MY,5.4112,100.3354,86.0,74,20,7.78,light rain
91,Faanui,PF,-16.4833,-151.75,81.3,72,88,7.92,light rain
92,Talnakh,RU,69.4865,88.3972,-11.74,78,0,7.2,clear sky
93,Cherskiy,RU,68.75,161.3,-21.8,94,55,4.38,broken clouds
94,Tateyama,JP,34.9833,139.8667,62.01,80,66,1.01,broken clouds
95,Neiafu,TO,-18.65,-173.9833,71.6,94,75,6.06,broken clouds
96,Vostok,RU,46.4856,135.8833,21.81,62,37,8.7,scattered clouds
97,Tasiilaq,GL,65.6145,-37.6368,26.6,54,20,12.66,few clouds
98,Castro,BR,-24.7911,-50.0119,73.74,50,38,3.51,scattered clouds
99,Souillac,MU,-20.5167,57.5167,80.6,83,40,8.05,light rain
100,Pevek,RU,69.7008,170.3133,-26.7,99,42,2.89,scattered clouds
101,Provideniya,RU,64.3833,-173.3,4.51,92,99,10.85,overcast clouds
102,Zhigansk,RU,66.7697,123.3711,-14.87,100,99,3.98,overcast clouds
103,Hambantota,LK,6.1241,81.1185,82.4,78,0,4.61,clear sky
104,Narsaq,GL,60.9167,-46.05,41.0,81,75,2.3,broken clouds
105,Bo Rai,TH,12.5728,102.5371,76.26,88,100,1.25,overcast clouds
106,Nioro,GM,13.35,-15.75,103.57,12,29,4.23,scattered clouds
107,Mende,FR,44.6667,3.5,40.95,53,0,15.39,clear sky
108,Dunedin,NZ,-45.8742,170.5036,54.48,48,62,8.34,broken clouds
109,Teitipac,MX,16.9458,-96.6092,66.2,42,20,4.61,few clouds
110,Ilulissat,GL,69.2167,-51.1,6.8,66,90,12.66,overcast clouds
111,Uryupinsk,RU,50.8047,42.0138,44.01,92,100,11.43,overcast clouds
112,La Rioja,ES,42.25,-2.5,57.2,54,0,13.8,clear sky
113,Wick,GB,58.4333,-3.0833,48.2,71,30,25.32,scattered clouds
114,Tuktoyaktuk,CA,69.4541,-133.0374,-14.8,76,75,2.24,broken clouds
115,Mar Del Plata,AR,-38.0023,-57.5575,75.2,60,40,9.22,scattered clouds
116,Cervo,ES,43.6702,-7.4101,54.0,76,64,3.0,broken clouds
117,Alofi,NU,-19.0595,-169.9187,68.0,100,94,1.14,overcast clouds
118,Touros,BR,-5.1989,-35.4608,82.4,83,75,9.22,light rain
119,Vila Velha,BR,-20.3297,-40.2925,82.99,69,40,14.97,scattered clouds
120,Portland,US,45.5234,-122.6762,48.99,76,90,3.44,overcast clouds
121,Thompson,CA,55.7435,-97.8558,32.0,59,20,6.91,few clouds
122,Tommot,RU,58.9564,126.2925,-3.53,97,78,2.37,broken clouds
123,Avera,US,33.194,-82.5271,57.99,24,1,6.91,clear sky
124,Preobrazheniye,RU,42.9019,133.9064,37.63,67,100,4.03,overcast clouds
125,Yenagoa,NG,4.9247,6.2642,85.77,63,66,11.18,broken clouds
126,Tiksi,RU,71.6872,128.8694,-14.69,99,100,6.2,overcast clouds
127,Kruisfontein,ZA,-34.0033,24.7314,68.0,69,23,5.99,few clouds
128,Kochi,IN,9.9399,76.2602,78.8,89,40,1.14,mist
129,Ardalstangen,NO,61.2371,7.6983,36.55,93,85,3.2,overcast clouds
130,Ouidah,BJ,6.3631,2.0851,89.6,70,40,10.36,haze
131,Port-Gentil,GA,-0.7193,8.7815,80.6,89,20,6.91,few clouds
132,Cuamba,MZ,-14.8031,36.5372,71.38,89,94,1.81,light rain
133,Isangel,VU,-19.55,169.2667,79.2,85,100,11.48,moderate rain
134,Broome,US,42.2506,-75.833,42.01,32,1,4.61,clear sky
135,Ketchikan,US,55.3422,-131.6461,35.35,88,47,2.39,scattered clouds
136,Puerto Ayora,EC,-0.7393,-90.3518,82.4,74,20,11.5,light rain
137,Port Alfred,ZA,-33.5906,26.891,65.12,72,20,16.98,few clouds
138,Itarema,BR,-2.9248,-39.9167,85.8,68,30,15.64,scattered clouds
139,Helong,CN,42.5397,128.9972,30.85,63,86,3.76,overcast clouds
140,Luderitz,NA,-26.6481,15.1594,74.25,52,0,18.01,clear sky
141,Asfi,MA,32.2994,-9.2372,63.5,69,0,17.43,clear sky
142,Takoradi,GH,4.8845,-1.7554,83.17,74,65,11.68,broken clouds
143,Abha,SA,18.2164,42.5053,71.6,73,0,6.91,clear sky
144,Port Lincoln,AU,-34.7333,135.8667,67.66,62,0,1.16,heavy intensity rain
145,Wattegama,LK,6.7989,81.4808,82.4,78,0,4.61,clear sky
146,Hasaki,JP,35.7333,140.8333,57.2,88,0,2.3,clear sky
147,Lorengau,PG,-2.0226,147.2712,79.02,83,100,6.06,overcast clouds
148,Port Elizabeth,ZA,-33.918,25.5701,66.2,77,0,16.11,clear sky
149,Hithadhoo,MV,-0.6,73.0833,83.75,73,61,16.58,broken clouds
150,Rudsar,IR,37.1376,50.288,55.4,87,90,2.3,overcast clouds
151,Sabha,LY,27.0377,14.4283,78.73,11,3,8.52,clear sky
152,Norman Wells,CA,65.282,-126.8329,-4.0,77,75,4.61,broken clouds
153,Los Andes,CL,-32.8337,-70.5983,86.0,46,0,6.91,clear sky
154,Morehead,US,37.2711,-87.1764,57.99,18,1,8.63,clear sky
155,Isla Vista,US,34.4133,-119.861,55.4,76,20,9.22,few clouds
156,Zhuanghe,CN,39.7008,122.9911,46.99,27,67,5.01,broken clouds
157,Krasnoselkup,RU,65.7,82.4667,25.99,95,100,3.04,overcast clouds
158,Luangwa,ZM,-15.6167,30.4167,72.43,71,11,1.19,few clouds
159,Yellowknife,CA,62.456,-114.3525,-2.0,71,20,4.61,few clouds
160,Tokur,RU,53.1333,132.9,2.77,97,99,2.89,overcast clouds
161,Ugoofaaru,MV,5.6667,73.0,83.64,71,17,10.71,few clouds
162,Barnstaple,GB,51.0802,-4.0581,52.0,50,3,1.01,clear sky
163,Vaini,TO,-21.2,-175.2,75.2,94,75,6.91,light rain
164,Mendoza,AR,-32.8908,-68.8272,75.2,53,40,6.91,scattered clouds
165,Kununurra,AU,-15.7667,128.7333,75.2,83,99,1.03,overcast clouds
166,Carson City,US,39.1638,-119.7674,62.01,22,1,2.95,clear sky
167,Huarmey,PE,-10.0681,-78.1522,75.25,73,50,9.84,scattered clouds
168,Nanortalik,GL,60.1432,-45.2371,36.52,99,100,1.99,overcast clouds
169,Behshahr,IR,36.6923,53.5526,53.08,88,80,9.86,broken clouds
170,Antofagasta,CL,-23.65,-70.4,75.0,64,20,9.22,few clouds
171,Jijiga,ET,9.35,42.8,70.81,32,3,17.07,clear sky
172,Hobyo,SO,5.3505,48.5268,83.21,72,7,13.56,clear sky
173,Yurginskoye,RU,56.8189,67.3921,32.76,81,100,10.54,overcast clouds
174,Puerto Escondido,MX,15.85,-97.0667,86.0,74,1,12.66,clear sky
175,Starosubkhangulovo,RU,53.1031,57.4423,33.96,93,99,6.26,light snow
176,Suntar,RU,62.1444,117.6319,-14.69,100,46,3.27,scattered clouds
177,Wewak,PG,-3.5534,143.6268,77.23,84,100,4.07,light rain
178,Vardo,NO,70.3705,31.1107,30.2,86,0,20.71,clear sky
179,Banda Aceh,ID,5.5577,95.3222,80.26,75,83,10.65,broken clouds
180,Shushtar,IR,32.0455,48.8567,66.51,26,0,6.87,clear sky
181,Ponta Do Sol,PT,32.6667,-17.1,63.0,61,69,5.01,broken clouds
182,Salima,MW,-13.7804,34.4587,70.63,91,12,3.67,moderate rain
183,Manuk Mangkaw,PH,4.8,119.85,82.69,77,95,8.25,overcast clouds
184,Dicabisagan,PH,17.0818,122.4157,75.31,90,28,1.54,scattered clouds
185,Saint-Pierre,RE,-21.3393,55.4781,80.6,78,0,5.75,light rain
186,Marawi,PH,7.9986,124.2928,68.4,95,92,0.49,overcast clouds
187,Mahebourg,MU,-20.4081,57.7,80.6,83,40,8.05,light rain
188,Katsuura,JP,35.1333,140.3,62.01,80,74,1.01,broken clouds
189,Bud,US,39.447,-86.1758,54.0,30,1,13.8,clear sky
190,Port Hardy,CA,50.6996,-127.4199,41.0,100,90,5.23,light rain
191,Carballo,ES,43.213,-8.691,62.6,55,0,9.22,clear sky
192,Ancud,CL,-41.8697,-73.8203,66.99,58,0,4.61,clear sky
193,Ewa Beach,US,21.3156,-158.0072,71.6,73,1,5.75,clear sky
194,Watsa,CD,3.0372,29.5355,66.2,93,100,3.49,overcast clouds
195,Linhai,CN,28.85,121.1167,62.01,73,100,5.68,overcast clouds
196,Solnechnyy,RU,50.7214,136.6319,24.28,54,31,16.58,light snow
197,Grindavik,IS,63.8424,-22.4338,41.0,100,90,31.07,overcast clouds
198,Geraldton,AU,-28.7667,114.6,75.2,69,86,11.5,overcast clouds
199,Kihei,US,20.785,-156.4656,68.0,94,40,5.75,scattered clouds
200,Havelock,US,34.8791,-76.9013,52.0,28,1,12.66,clear sky
201,Yagodnoye,RU,62.55,149.6667,-10.91,99,98,2.44,overcast clouds
202,Kahramanmaras,TR,38.0,37.0,57.2,54,20,16.11,few clouds
203,Golspie,GB,57.9727,-3.978,53.01,67,13,8.01,few clouds
204,Tucurui,BR,-3.7661,-49.6725,88.32,60,62,2.59,broken clouds
205,Sheksna,RU,59.21,38.5107,33.8,93,75,4.47,light snow
206,Saint Anthony,US,45.0205,-93.218,62.01,31,1,9.22,clear sky
207,Bandar-E Anzali,IR,37.4727,49.4622,55.4,67,75,1.34,broken clouds
208,Shaturtorf,RU,55.5672,39.4169,30.31,96,98,2.59,overcast clouds
209,Somanda,TZ,-3.3667,33.95,71.49,77,64,4.7,moderate rain
210,Lekoni,GA,-1.5843,14.2591,78.01,70,100,8.66,overcast clouds
211,Atar,MR,20.5169,-13.0499,102.02,9,69,15.55,broken clouds
212,Buraydah,SA,26.326,43.975,71.6,28,75,11.5,broken clouds
213,Fortuna,US,40.5982,-124.1573,51.01,93,90,3.44,overcast clouds
214,Weiser,US,44.251,-116.9693,62.01,46,1,2.33,clear sky
215,Dingle,PH,10.9995,122.6711,75.18,87,98,6.8,overcast clouds
216,Rosarito,MX,32.3333,-117.0333,69.01,100,90,10.18,mist
217,Catalina,US,32.5056,-110.9211,80.01,16,0,1.01,clear sky
218,Kuytun,RU,54.3419,101.5036,27.3,96,100,3.65,overcast clouds
219,Paamiut,GL,61.994,-49.6678,30.69,87,100,3.98,overcast clouds
220,College,US,64.8569,-147.8028,17.01,79,90,3.44,light snow
221,Tanout,NE,14.9709,8.8879,86.7,5,0,9.8,clear sky
222,Guerrero Negro,MX,27.9769,-114.0611,66.43,64,6,11.03,clear sky
223,Simao,CN,22.7886,100.9748,69.57,39,100,6.6,overcast clouds
224,Saurimo,AO,-9.6608,20.3916,70.65,85,100,2.46,overcast clouds
225,Abu Kamal,SY,34.4506,40.9171,65.37,30,1,7.83,clear sky
226,High Rock,BS,26.6208,-78.2833,69.8,52,75,14.97,broken clouds
227,Pitimbu,BR,-7.4706,-34.8086,78.8,100,75,6.91,broken clouds
228,Baiao,BR,-2.7906,-49.6717,84.04,73,78,0.83,broken clouds
229,Letka,RU,59.6011,49.4232,31.46,93,100,3.67,overcast clouds
230,Mumford,GH,5.2618,-0.759,82.44,78,76,13.18,broken clouds
231,Salina,US,38.8403,-97.6114,66.99,39,1,13.8,clear sky
232,Lielvarde,LV,56.7207,24.8074,39.99,65,0,9.22,clear sky
233,Jiaonan,CN,35.8786,119.9753,46.4,39,0,11.18,clear sky
234,Hondo,JP,32.45,130.2,69.01,68,87,11.01,overcast clouds
235,Albion,US,42.2431,-84.753,53.6,35,1,14.97,clear sky
236,Butaritari,KI,3.0707,172.7902,82.31,78,34,16.08,light rain
237,Katherine,AU,-14.4667,132.2667,71.6,78,99,4.61,overcast clouds
238,Fairmont,US,39.4851,-80.1426,48.99,33,99,1.99,overcast clouds
239,Ulaanbaatar,MN,47.9077,106.8832,24.8,63,0,2.24,clear sky
240,Maltahohe,NA,-24.8333,16.9833,84.07,19,28,8.3,scattered clouds
241,Cedar Rapids,US,42.0083,-91.6441,64.0,39,1,17.27,clear sky
242,Raymondville,US,26.4815,-97.7831,73.4,60,90,13.8,overcast clouds
243,Severo-Kurilsk,RU,50.6789,156.125,33.24,94,100,20.09,light snow
244,Rawicz,PL,51.6095,16.8585,42.01,92,100,1.01,overcast clouds
245,Victoria,HK,22.2855,114.1577,80.01,77,8,3.15,clear sky
246,Umm Lajj,SA,25.0213,37.2685,72.43,55,16,22.1,few clouds
247,Zyryanka,RU,65.75,150.85,-23.53,100,77,5.97,broken clouds
248,Beloostrov,RU,60.1512,30.0015,37.4,75,75,6.71,broken clouds
249,Pangnirtung,CA,66.1451,-65.7125,-5.8,59,1,2.3,clear sky
250,San Policarpo,PH,12.1791,125.5072,81.16,71,53,9.8,broken clouds
251,Chokurdakh,RU,70.6333,147.9167,-24.79,100,63,4.45,broken clouds
252,Taltal,CL,-25.4,-70.4833,70.05,68,37,7.11,scattered clouds
253,Zuwarah,LY,32.9312,12.082,85.14,20,82,10.83,broken clouds
254,Morro Bay,US,35.3658,-120.8499,54.0,76,18,3.0,few clouds
255,Hamilton,US,39.1834,-84.5333,55.0,30,1,12.66,clear sky
256,Seymchan,RU,62.8833,152.4333,-18.33,100,93,1.63,overcast clouds
257,Ambon,ID,-3.6954,128.1814,81.84,78,87,6.78,overcast clouds
258,Amahai,ID,-3.3333,128.9167,78.62,84,98,4.34,overcast clouds
259,Bathsheba,BB,13.2167,-59.5167,80.85,68,60,19.71,broken clouds
260,Salalah,OM,17.0151,54.0924,82.4,83,0,3.44,clear sky
261,Beidao,CN,34.5686,105.8933,43.68,90,99,3.6,light rain
262,Cieza,ES,38.24,-1.4199,60.8,77,75,16.11,broken clouds
263,Oktyabrskiy,RU,54.4815,53.471,33.93,98,100,3.78,overcast clouds
264,Hofn,IS,64.2539,-15.2082,43.29,85,100,20.83,overcast clouds
265,Arraial Do Cabo,BR,-22.9661,-42.0278,82.4,65,20,13.8,few clouds
266,Aswan,EG,24.0934,32.907,74.1,12,2,10.83,clear sky
267,Labuhan,ID,-6.8844,112.2051,80.42,82,77,6.31,broken clouds
268,Bethel,US,41.3712,-73.414,44.01,22,1,11.5,clear sky
269,Tautira,PF,-17.7333,-149.15,77.0,78,20,4.61,light rain
270,Kushima,JP,31.4583,131.2333,65.48,95,100,4.41,overcast clouds
271,Linhares,BR,-19.3911,-40.0722,84.96,56,60,7.81,broken clouds
272,Minab,IR,27.1467,57.0801,80.6,74,0,4.61,haze
273,Los Llanos De Aridane,ES,28.6585,-17.9182,69.8,52,75,10.36,broken clouds
274,Chunhuhub,MX,19.55,-88.6833,82.99,29,1,4.5,clear sky
275,Rockland,US,41.1668,-74.0496,46.0,32,0,3.0,clear sky
276,Bileca,BA,42.8719,18.4297,59.0,76,90,17.27,overcast clouds
277,Vilyuysk,RU,63.7553,121.6247,-17.37,100,83,2.15,broken clouds
278,Broken Hill,AU,-31.95,141.4333,69.8,40,0,6.91,clear sky
279,Darhan,MN,49.4867,105.9228,37.13,34,6,4.79,clear sky
280,Pagegiai,LT,55.1381,21.9089,39.76,69,92,10.02,overcast clouds
281,Pedernales,DO,18.0384,-71.744,82.33,61,32,9.73,scattered clouds
282,Pishin,PK,30.5803,66.9961,70.43,23,15,4.68,few clouds
283,Krasnozatonskiy,RU,61.6758,50.9794,35.6,75,20,4.47,few clouds
284,Bilma,NE,18.6853,12.9164,84.04,8,0,6.98,clear sky
285,Sibiti,CG,-3.6819,13.3499,71.92,94,100,1.36,light rain
286,Lagoa,PT,39.05,-27.9833,60.15,87,97,30.53,overcast clouds
287,Araouane,ML,18.9048,-3.5265,98.76,3,8,10.47,clear sky
288,Margate,GB,51.3813,1.3862,48.99,60,73,5.99,broken clouds
289,Paita,PE,-5.0892,-81.1144,80.6,65,0,6.91,clear sky
290,Utica,US,43.1009,-75.2327,45.0,33,1,13.8,clear sky
291,Muzaffarabad,PK,34.37,73.4711,59.13,40,54,7.23,broken clouds
292,Lasa,IT,46.6166,10.7002,62.6,39,20,9.22,few clouds
293,Inhambane,MZ,-23.865,35.3833,80.6,61,20,6.91,few clouds
294,Kitgum,UG,3.2783,32.8867,68.13,90,100,1.52,overcast clouds
295,Yulara,AU,-25.2406,130.9889,69.8,40,0,5.75,clear sky
296,Meulaboh,ID,4.1363,96.1285,77.02,84,100,1.52,heavy intensity rain
297,Hampton,US,37.0299,-76.3452,48.99,31,1,10.36,clear sky
298,Kangaatsiaq,GL,68.3065,-53.4641,8.62,69,99,10.6,overcast clouds
299,Bintulu,MY,3.1667,113.0333,77.0,94,20,2.3,few clouds
300,Akyab,MM,20.15,92.9,79.3,85,20,6.51,few clouds
301,North Ogden,US,41.3072,-111.9602,66.0,25,1,3.44,clear sky
302,Ambulu,ID,-8.345,113.6058,76.3,88,72,3.51,broken clouds
303,Iqaluit,CA,63.7506,-68.5145,-4.0,65,20,5.5,few clouds
304,Saint-Denis,FR,48.9167,2.3333,53.01,46,0,16.11,clear sky
305,Lebu,CL,-37.6167,-73.65,62.29,68,9,12.26,clear sky
306,Navoi,UZ,40.0844,65.3792,64.4,25,50,11.5,scattered clouds
307,Necochea,AR,-38.5473,-58.7368,78.01,52,75,5.99,broken clouds
308,Terrace Bay,CA,48.7834,-87.1,41.0,60,20,4.61,few clouds
309,Lodja,CD,-3.4833,23.4333,74.19,91,66,2.04,light rain
310,Mayo,US,38.8876,-76.5119,50.0,33,1,10.36,clear sky
311,Icod De Los Vinos,ES,28.3724,-16.7119,64.99,65,12,9.93,few clouds
312,Yakima,US,46.4665,-120.6678,50.0,49,1,5.75,clear sky
313,Komsomolsk-Na-Amure,RU,50.552,137.0152,30.42,46,75,8.81,snow
314,Bithur,IN,26.6333,80.2833,78.8,25,0,6.55,haze
315,Riyadh,SA,24.6877,46.7219,80.6,12,3,19.57,dust
316,Sao Felix Do Xingu,BR,-6.6447,-51.995,87.44,60,59,3.6,broken clouds
317,Poum,NC,-20.2333,164.0167,79.32,83,99,14.23,overcast clouds
318,Uniao,BR,-4.5858,-42.8642,89.6,55,75,8.05,broken clouds
319,Dong Hoi,VN,17.4833,106.6,74.39,94,48,1.9,scattered clouds
320,Srednekolymsk,RU,67.45,153.6833,-21.86,99,93,2.08,overcast clouds
321,Okhotsk,RU,59.3833,143.3,22.89,73,100,12.75,overcast clouds
322,Porbandar,IN,21.6422,69.6093,80.62,71,2,8.95,clear sky
323,Vanimo,PG,-2.6741,141.3028,77.34,88,100,6.02,light rain
324,Husavik,IS,66.0449,-17.3389,44.6,61,90,20.71,light rain
325,Cabo San Lucas,MX,22.8909,-109.9124,86.0,46,40,4.36,scattered clouds
326,Ambilobe,MG,-13.2,49.05,75.97,89,16,2.33,few clouds
327,Stepnyak,KZ,52.8339,70.7803,21.04,88,28,8.03,scattered clouds
328,San Ramon,US,37.7799,-121.978,55.0,76,40,5.75,scattered clouds
329,Horni Plana,CZ,48.7674,14.0326,42.01,62,99,7.0,overcast clouds
330,Camacha,PT,33.0833,-16.3333,66.2,55,20,10.36,few clouds
331,San Andres,CO,12.5847,-81.7006,86.0,62,40,14.97,scattered clouds
332,Walvis Bay,NA,-22.9575,14.5053,86.0,32,14,9.22,few clouds
333,Kodiak,US,57.79,-152.4072,42.8,65,20,9.22,few clouds
334,Bubaque,GW,11.2833,-15.8333,76.53,79,62,12.64,broken clouds
335,Ahuimanu,US,21.4447,-157.8378,71.6,78,1,10.36,clear sky
336,Dunmore Town,BS,25.5,-76.65,67.37,66,99,27.63,overcast clouds
337,Maceio,BR,-9.6658,-35.7353,86.0,66,75,6.91,broken clouds
338,Zastron,ZA,-30.3023,27.084,60.48,29,2,5.03,clear sky
339,Codrington,AU,-38.2667,141.9667,59.52,93,0,1.19,clear sky
340,Severobaykalsk,RU,55.65,109.3167,22.87,91,100,3.94,overcast clouds
341,Nizhniy Kuranakh,RU,58.8353,125.4869,3.45,95,91,2.17,overcast clouds
342,Omboue,GA,-1.5746,9.2618,79.74,81,99,4.09,overcast clouds
343,Shaunavon,CA,49.6501,-108.4181,46.4,39,99,8.05,overcast clouds
344,Chuy,UY,-33.6971,-53.4616,75.02,51,56,10.25,broken clouds
345,Fukue,JP,32.6881,128.8419,63.66,96,100,15.32,light rain
346,Panguna,PG,-6.3164,155.4848,68.72,96,90,2.48,overcast clouds
347,Khani,GE,41.9563,42.9566,51.8,76,75,3.44,broken clouds
348,Cairns,AU,-16.9167,145.7667,75.2,88,40,10.36,light rain
349,Foam Lake,CA,51.65,-103.5343,42.8,39,97,14.97,overcast clouds
350,Leningradskiy,RU,69.3833,178.4167,-22.9,94,99,5.3,overcast clouds
351,Saint-Augustin,CA,51.226,-58.6502,34.88,99,100,4.52,overcast clouds
352,Belyy Yar,RU,53.6039,91.3903,39.2,48,0,6.71,clear sky
353,Ayan,RU,56.45,138.1667,13.98,64,100,19.95,overcast clouds
354,Kavaratti,IN,10.5669,72.642,83.07,61,97,8.48,overcast clouds
355,Kantang,TH,7.4054,99.5156,79.56,89,96,4.99,overcast clouds
356,Korla,CN,41.7597,86.1469,49.84,30,85,13.38,overcast clouds
357,Krasnoarmeysk,RU,51.0239,45.6969,43.11,82,100,7.76,overcast clouds
358,Santiago De Cao,PE,-7.9589,-79.2392,69.8,88,79,8.05,fog
359,Miranda,CO,3.2499,-76.2281,80.6,65,75,3.44,broken clouds
360,Shimoda,JP,34.6667,138.95,61.0,65,74,4.54,broken clouds
361,Coos Bay,US,43.3665,-124.2179,48.99,93,1,6.91,clear sky
362,Nome,US,64.5011,-165.4064,17.6,79,90,6.91,light snow
363,Freeport,US,40.6576,-73.5832,46.0,22,1,12.66,clear sky
364,Mildura,AU,-34.2,142.15,64.4,52,0,9.51,clear sky
365,Sinnamary,GF,5.3833,-52.95,80.87,81,96,9.01,heavy intensity rain
366,Krasyliv,UA,49.6519,26.9725,42.58,55,91,3.74,overcast clouds
367,Canutama,BR,-6.5339,-64.3831,83.61,81,100,3.71,overcast clouds
368,Aquiraz,BR,-3.9014,-38.3911,89.01,70,40,19.57,scattered clouds
369,Ust-Ilimsk,RU,58.0006,102.6619,28.87,96,100,6.98,light snow
370,Camocim,BR,-2.9022,-40.8411,82.04,80,39,10.13,scattered clouds
371,Amapa,BR,1.0,-52.0,85.62,63,87,4.0,overcast clouds
372,Ucluelet,CA,48.9329,-125.5528,45.0,100,90,13.8,mist
373,Xuddur,SO,4.1213,43.8894,81.82,58,91,10.11,overcast clouds
374,Morant Bay,JM,17.8815,-76.4093,84.2,61,75,8.05,broken clouds
375,Sorong,ID,-0.8833,131.25,81.34,78,100,3.98,overcast clouds
376,Constitucion,CL,-35.3333,-72.4167,67.68,55,1,8.52,clear sky
377,Torbay,CA,47.6666,-52.7314,45.0,93,75,16.11,broken clouds
378,San Cristobal,VE,7.7669,-72.225,87.8,45,40,24.16,scattered clouds
379,Christchurch,NZ,-43.5333,172.6333,53.01,100,3,2.3,clear sky
380,Mitsamiouli,KM,-11.3847,43.2844,82.99,74,49,8.41,scattered clouds
381,Batemans Bay,AU,-35.7167,150.1833,60.01,96,0,4.09,clear sky
382,Le Port,RE,-20.9373,55.2919,77.0,69,0,5.75,light rain
383,Redding,US,40.5865,-122.3917,60.01,66,1,1.52,clear sky
384,Noumea,NC,-22.2763,166.4572,77.0,94,90,10.36,overcast clouds
385,Waipawa,NZ,-41.4122,175.5153,61.0,77,75,24.16,broken clouds
386,Richards Bay,ZA,-28.783,32.0377,72.41,60,80,13.31,broken clouds
387,Itoman,JP,26.1247,127.6694,73.4,88,75,4.61,broken clouds
388,Kalmunai,LK,7.4167,81.8167,80.2,86,41,1.59,scattered clouds
389,Ukiah,US,39.1502,-123.2078,46.4,71,90,4.61,overcast clouds
390,Mezen,RU,65.8522,44.24,21.72,94,71,0.25,broken clouds
391,Tangara,BR,-6.1994,-35.8017,84.2,83,75,9.22,broken clouds
392,Mogadishu,SO,2.0371,45.3438,82.35,79,57,13.91,broken clouds
393,Gidam,IN,18.9833,81.4,79.18,29,25,2.1,scattered clouds
394,Laguna,US,38.421,-121.4238,57.0,62,1,10.36,clear sky
395,Znin,PL,52.8496,17.7199,44.01,65,75,10.36,broken clouds
396,Huimilpan,MX,20.372,-100.2774,59.0,63,75,9.22,broken clouds
397,Mormugao,IN,15.4,73.8,82.4,65,20,5.75,few clouds
398,Kichmengskiy Gorodok,RU,59.9816,45.7854,26.56,94,100,2.59,overcast clouds
399,Pakokku,MM,21.3333,95.1,87.55,39,51,13.29,broken clouds
400,Balakhninskiy,RU,58.0106,114.2769,21.02,96,93,0.94,light snow
401,Moron,AR,-34.6534,-58.6198,79.0,49,0,5.99,clear sky
402,Curumani,CO,9.1999,-73.5427,85.59,63,100,3.74,overcast clouds
403,Praia,CV,14.9215,-23.5087,86.0,28,0,16.11,clear sky
404,Ocean Springs,US,30.4113,-88.8278,64.99,39,1,10.36,clear sky
405,Kirakira,SB,-10.4544,161.9205,79.83,85,100,7.02,overcast clouds
406,Maralal,KE,1.0968,36.698,66.81,65,92,7.76,light rain
407,Santander,ES,43.4647,-3.8044,53.6,71,75,3.44,broken clouds
408,Puri,IN,19.8,85.85,82.4,89,75,11.5,haze
409,Healdsburg,US,38.6105,-122.8692,52.0,71,61,2.89,broken clouds
410,Longyearbyen,SJ,78.2186,15.6401,17.6,73,40,10.36,scattered clouds
411,Ambatofinandrahana,MG,-20.55,46.8,64.08,79,85,2.48,overcast clouds
412,Zalantun,CN,48.0,122.7167,33.48,46,0,5.53,clear sky
413,Acarau,BR,-2.8856,-40.12,85.46,70,30,15.77,scattered clouds
414,Half Moon Bay,US,37.4636,-122.4286,55.0,66,75,6.91,broken clouds
415,Kisesa,TZ,-3.0833,34.15,65.95,85,64,4.21,moderate rain
416,Santa Rosa,PH,14.3122,121.1114,82.4,74,20,6.91,few clouds
417,Hovd,MN,48.0056,91.6419,31.46,29,0,2.51,clear sky
418,Marrakesh,MA,31.6315,-8.0083,77.0,31,20,2.3,few clouds
419,Ikere,NG,7.4913,5.2322,91.71,37,54,6.98,broken clouds
420,Andenes,NO,69.3143,16.1194,39.2,87,100,19.57,light rain
421,Vila Franca Do Campo,PT,37.7167,-25.4333,62.6,82,75,20.71,broken clouds
422,Aklavik,CA,68.2191,-135.0107,-7.6,77,75,6.91,broken clouds
423,Teberda,RU,43.4456,41.7448,34.68,84,100,9.35,overcast clouds
424,Yar-Sale,RU,66.8333,70.8333,18.37,98,80,8.57,broken clouds
425,Mehamn,NO,71.0357,27.8492,32.68,77,100,22.08,light snow
426,Davila,PH,18.4726,120.5763,78.87,78,1,12.35,clear sky
427,Gorodishche,RU,48.8045,44.4744,50.0,66,0,20.13,clear sky
428,Batagay,RU,67.6333,134.6333,-7.17,99,100,4.05,overcast clouds
429,Morgan City,US,29.6994,-91.2068,69.01,51,1,4.61,clear sky
430,Namibe,AO,-15.1961,12.1522,77.95,80,100,11.05,overcast clouds
431,Belmonte,BR,-15.8631,-38.8828,87.8,70,20,8.05,moderate rain
432,Funadhoo,MV,6.15,73.2667,83.5,72,22,12.01,few clouds
433,Haines Junction,CA,60.7522,-137.5108,1.4,71,93,1.36,overcast clouds
434,Bahia Honda,CU,22.9036,-83.1592,77.77,48,39,18.41,scattered clouds
435,Cestas,FR,44.7435,-0.6791,62.01,36,0,18.41,clear sky
436,Lardos,GR,36.0942,28.0157,64.4,68,20,2.3,few clouds
437,Xichang,CN,27.8964,102.2634,53.96,46,9,3.56,clear sky
438,Nuuk,GL,64.1835,-51.7216,21.2,79,75,19.57,broken clouds
439,Tezu,IN,27.9167,96.1667,69.33,36,0,5.32,clear sky
440,Pimentel,PE,-6.8367,-79.9342,80.6,57,0,9.22,clear sky
441,Cherdyn,RU,60.403,56.4787,33.64,99,100,8.63,snow
442,Qandala,SO,11.472,49.8728,80.22,61,96,1.19,overcast clouds
443,Buenos Aires,AR,-34.6132,-58.3772,75.99,73,20,8.05,few clouds
444,Bozoum,CF,6.3193,16.3799,85.78,26,100,5.5,overcast clouds
445,Tigil,RU,57.8,158.6667,14.25,91,100,3.94,overcast clouds
446,Puerto Colombia,CO,10.9878,-74.9547,84.2,70,40,9.22,scattered clouds
447,Witu,KE,-2.3889,40.4382,84.2,79,1,11.5,clear sky
448,Port Blair,IN,11.6667,92.75,79.32,75,100,4.14,overcast clouds
449,Cayenne,GF,4.9333,-52.3333,86.0,70,75,12.66,broken clouds
450,Morondava,MG,-20.2833,44.2833,78.89,75,4,8.57,light rain
451,Nishihara,JP,26.1842,127.7558,73.4,88,75,4.61,broken clouds
452,Korneuburg,AT,48.35,16.3333,45.0,70,40,13.8,light rain
453,Cidreira,BR,-30.1811,-50.2056,75.25,67,0,12.35,clear sky
454,Ahipara,NZ,-35.1667,173.1667,60.08,90,44,3.15,scattered clouds
455,Havre-Saint-Pierre,CA,50.2334,-63.5986,30.2,69,75,12.66,broken clouds
456,Bairiki,KI,1.3292,172.9752,80.6,89,20,8.05,few clouds
457,Egvekinot,RU,66.3167,-179.1667,-6.36,84,100,16.64,overcast clouds
458,Bulolo,PG,-7.2,146.65,71.37,98,100,1.14,overcast clouds
459,Ayagoz,KZ,47.9714,80.4392,34.16,59,0,10.16,clear sky
460,Natal,BR,-5.795,-35.2094,84.2,74,75,14.97,broken clouds
461,Vrangel,RU,42.7297,133.0839,39.33,47,100,10.96,overcast clouds
462,Neyshabur,IR,36.2133,58.7958,68.32,38,81,10.04,broken clouds
463,Cap Malheureux,MU,-19.9842,57.6142,81.0,76,3,5.01,clear sky
464,Madison Heights,US,42.4859,-83.1052,50.0,32,1,13.8,clear sky
465,Micheweni,TZ,-4.9667,39.8333,82.15,77,67,14.12,broken clouds
466,Mount Gambier,AU,-37.8333,140.7667,51.8,93,75,3.44,broken clouds
467,Ostrovnoy,RU,68.0531,39.5131,16.95,94,33,8.3,scattered clouds
468,Fernie,CA,49.5,-115.0687,46.4,60,39,1.14,scattered clouds
469,Byron Bay,AU,-28.65,153.6167,71.6,83,90,6.91,overcast clouds
470,Boo,SE,59.3333,18.2833,46.4,39,20,11.5,few clouds
471,Kabwe,ZM,-14.4469,28.4464,63.64,75,11,5.46,few clouds
472,San Juan,AR,-31.5375,-68.5364,81.99,35,4,5.5,clear sky
473,Tecoanapa,MX,16.5167,-98.75,88.0,39,0,6.76,clear sky
474,Sabya,SA,17.1495,42.6254,84.2,70,20,14.97,few clouds
475,Awbari,LY,26.5921,12.7805,80.8,9,0,10.92,clear sky
476,Allapalli,IN,19.4167,80.0667,88.99,13,10,0.74,clear sky
477,Dalbandin,PK,28.8947,64.4101,83.52,10,0,8.19,clear sky
478,Huai Thalaeng,TH,14.997,102.6475,90.0,79,86,6.58,overcast clouds
479,Klaksvik,FO,62.2266,-6.589,44.6,87,20,35.68,few clouds
480,Inirida,CO,3.8653,-67.9239,86.43,65,100,0.36,overcast clouds
481,San Felipe,VE,10.3399,-68.7425,89.19,48,100,3.09,overcast clouds
482,Muros,ES,42.7762,-9.0603,70.0,51,0,12.59,clear sky
483,Ivankiv,UA,50.9386,29.8943,46.4,42,78,4.47,broken clouds
484,Asau,RO,46.4333,26.4,39.0,66,100,1.5,light rain
485,Fairbanks,US,64.8378,-147.7164,17.01,92,90,4.61,light snow
486,Metro,ID,-5.1131,105.3067,74.79,91,93,4.05,overcast clouds
487,Santa Cruz,BO,-17.8,-63.1667,86.0,58,75,5.75,broken clouds
488,Barcelos,PT,41.5388,-8.6151,75.0,68,0,11.5,clear sky
489,Bowen,AU,-20.0167,148.2333,73.4,88,75,9.22,broken clouds
490,Carnwath,GB,55.7004,-3.6258,59.0,51,36,5.01,scattered clouds
491,Alekseyevka,RU,50.6309,38.6903,37.58,91,92,4.43,overcast clouds
492,Kabinda,CD,-6.1333,24.4833,72.19,85,98,4.38,overcast clouds
493,Berettyoujfalu,HU,47.2167,21.55,50.0,46,20,5.75,few clouds
494,Roald,NO,62.5833,6.1333,44.6,70,90,19.57,overcast clouds
495,Huilong,CN,31.8111,121.655,53.01,91,100,17.6,overcast clouds
496,Alzey,DE,49.7517,8.1161,55.0,38,82,10.33,broken clouds
497,Biak,ID,-0.9131,122.8766,78.15,77,85,4.43,overcast clouds
498,Pascagoula,US,30.3658,-88.5561,66.2,39,1,8.05,clear sky
499,Peniche,PT,39.3558,-9.3811,59.0,85,17,5.99,few clouds
500,Taseyevo,RU,57.2169,94.8978,33.48,97,100,9.4,light snow
501,Oussouye,SN,12.485,-16.5469,100.4,78,0,4.61,clear sky
502,Pasighat,IN,28.0667,95.3333,68.11,58,6,5.88,clear sky
503,Pemangkat,ID,1.1667,108.9667,76.93,83,80,5.57,broken clouds
504,Nouakchott,MR,18.0858,-15.9785,89.6,31,8,20.71,sand
505,Kutum,SD,14.2,24.6667,79.25,13,12,12.88,few clouds
506,Grand Gaube,MU,-20.0064,57.6608,81.0,77,4,3.0,clear sky
507,Deniliquin,AU,-35.5333,144.9667,63.0,68,0,6.76,clear sky
508,Manta,EC,-0.95,-80.7333,84.2,74,40,9.22,scattered clouds
509,Orguz,BA,43.7739,16.8639,26.01,90,100,28.01,overcast clouds
510,Kampot,KH,10.6167,104.1833,80.6,83,40,1.14,scattered clouds
511,Curup,ID,-3.4667,102.5333,67.5,98,96,2.44,overcast clouds
512,Havoysund,NO,70.9963,24.6622,33.8,75,90,13.8,light snow
513,Birin,NP,26.8865,88.0718,73.4,64,20,2.3,haze
514,Sitka,US,57.0531,-135.33,33.8,100,75,1.23,broken clouds
515,El Dorado,US,38.7666,-120.5177,69.01,27,1,3.44,clear sky
516,Coquimbo,CL,-29.9533,-71.3436,62.6,77,40,14.97,scattered clouds
517,Atherton,GB,53.5237,-2.4935,57.0,55,9,1.01,clear sky
518,Chama,CH,47.1821,8.4636,48.2,49,75,6.91,broken clouds
519,Lata,PT,40.1629,-8.3327,64.0,86,39,1.99,scattered clouds
520,Robore,BO,-18.3333,-59.75,86.0,66,20,3.65,few clouds
521,Miri,MY,4.4148,114.0089,77.0,100,40,4.61,scattered clouds
522,Sorland,NO,67.667,12.6934,40.62,81,100,23.2,overcast clouds
523,Kasulu,TZ,-4.5767,30.1025,75.2,83,75,2.71,light rain
524,Orange Cove,US,36.6244,-119.3137,62.01,67,1,3.69,clear sky
525,Kingstown,VC,13.1587,-61.2248,80.6,74,75,16.11,broken clouds
526,Stromness,GB,58.965,-3.296,46.4,81,75,20.71,broken clouds
527,Moranbah,AU,-22.0016,148.0466,68.29,83,64,18.95,broken clouds
528,La Asuncion,VE,11.0333,-63.8628,82.4,74,6,19.57,clear sky
529,Sisophon,KH,13.5859,102.9737,85.08,54,100,4.21,overcast clouds
530,Pringsewu,ID,-5.3582,104.9744,73.98,95,100,1.39,overcast clouds
531,Aykhal,RU,66.0,111.5,-20.74,100,99,3.53,overcast clouds
532,Kapoeta,SS,4.7717,33.5903,80.17,59,100,5.57,overcast clouds
533,Seryshevo,RU,51.0933,128.3786,27.27,53,4,5.32,clear sky
534,Manokwari,ID,-0.8667,134.0833,78.37,82,100,5.66,overcast clouds
535,Manggar,ID,-2.8833,108.2667,80.19,80,46,5.19,scattered clouds
536,Acapulco,MX,16.8634,-99.8901,89.6,35,1,3.44,smoke
537,Saucillo,MX,28.0167,-105.2833,80.58,25,0,9.1,clear sky
538,Tondano,ID,1.3038,124.9112,77.0,94,20,2.3,few clouds
539,La Union,PE,-5.4,-80.75,85.6,47,61,5.79,broken clouds
540,Veraval,IN,20.9,70.3667,79.07,79,2,8.5,clear sky
541,La Crosse,US,43.8014,-91.2396,59.0,41,1,7.05,clear sky
542,Mackay,AU,-21.15,149.2,71.01,100,90,13.8,overcast clouds
543,Honningsvag,NO,70.9821,25.9704,34.32,79,99,31.32,light snow
544,Tupik,RU,54.4253,119.9327,15.55,91,96,4.61,overcast clouds
545,Englewood,US,39.6478,-104.9878,69.01,19,3,1.99,clear sky
546,Kyra,RU,49.5776,111.9753,28.74,64,11,4.85,few clouds
547,Amurzet,RU,47.6967,131.0981,30.74,33,0,9.44,clear sky
548,Padang,ID,-0.9492,100.3543,75.2,94,75,11.5,light rain
549,Marco,US,25.9726,-81.729,73.0,43,1,11.5,clear sky
550,Olga,RU,43.7444,135.2892,36.66,47,100,4.61,overcast clouds
551,Rocha,UY,-34.4833,-54.3333,72.77,64,91,8.97,overcast clouds
552,Vao,NC,-22.6667,167.4833,75.83,80,100,26.6,overcast clouds
553,Rusape,ZW,-18.5278,32.1284,60.87,64,10,4.0,clear sky
554,Dwarka,IN,22.2394,68.9678,81.05,68,4,12.3,clear sky
555,Santa Marta De Tormes,ES,40.9506,-5.6272,68.0,42,40,9.22,scattered clouds
556,Mundra,IN,22.85,69.7333,81.16,61,0,13.56,clear sky
557,Stolin,BY,51.8912,26.846,39.72,74,98,6.06,overcast clouds
558,Navalcarnero,ES,40.2891,-4.012,62.6,51,75,12.66,heavy intensity rain
559,Etchoropo,MX,26.7667,-109.6667,80.04,20,0,8.28,clear sky
560,Johnson City,US,36.3134,-82.3535,53.01,16,1,6.91,clear sky
561,Bignona,SN,12.8103,-16.2264,100.4,28,0,9.22,clear sky
562,Rundu,NA,-17.9333,19.7667,74.01,43,3,4.94,clear sky
563,Sandnessjoen,NO,66.0217,12.6316,42.8,87,90,18.41,light rain
564,Buchanan,LR,5.8808,-10.0467,89.6,66,20,5.75,haze
565,Follonica,IT,42.9263,10.7616,62.01,87,41,3.47,scattered clouds
566,Raudeberg,NO,61.9875,5.1352,44.01,82,99,21.94,overcast clouds
567,Dulag,PH,10.9525,125.0317,76.95,87,42,4.32,scattered clouds
568,Borgo San Dalmazzo,IT,44.333,7.4858,60.8,51,75,9.22,light rain
569,Makokou,GA,0.5738,12.8642,73.54,94,87,1.61,moderate rain
570,Avdiyivka,UA,48.1399,37.7426,39.69,88,100,8.81,overcast clouds
571,Japura,ID,-0.3167,102.35,74.43,95,83,2.64,light rain
572,Basoko,CD,1.2391,23.616,76.24,74,88,0.65,overcast clouds
573,Mudbidri,IN,13.0833,74.9833,82.4,69,20,3.44,few clouds
574,Cabimas,VE,10.3883,-71.4399,85.35,66,98,9.48,overcast clouds
575,Belaya Gora,RU,68.5333,146.4167,-20.81,99,45,3.06,scattered clouds
576,Bara,NG,10.3744,10.7288,95.45,10,28,9.24,scattered clouds
577,Shaoguan,CN,24.8,113.5833,65.12,71,34,5.26,scattered clouds
578,Genhe,CN,50.7833,121.5167,24.3,77,66,4.07,light snow
579,Dolores,AR,-36.3132,-57.6792,74.62,57,72,6.06,broken clouds
580,Comodoro Rivadavia,AR,-45.8667,-67.5,68.0,40,0,12.66,clear sky
581,Tiznit,MA,29.5833,-9.5,61.97,62,0,11.54,clear sky
582,Rockport,US,28.0206,-97.0544,75.2,53,1,13.8,clear sky
583,Dawson Creek,CA,55.7666,-120.2362,35.6,60,40,6.91,scattered clouds
584,Esik,KZ,43.3552,77.4525,35.6,75,20,2.24,smoke
585,Vallenar,CL,-28.5708,-70.7581,81.72,30,99,6.38,overcast clouds
586,Kokoda,PG,-8.8785,147.7407,74.37,97,100,1.12,overcast clouds
587,Shelburne,CA,44.0787,-80.2041,46.99,34,99,15.3,overcast clouds
588,Kapit,MY,2.0167,112.9333,72.95,95,100,1.16,overcast clouds
589,Fuerte Olimpo,PY,-21.0415,-57.8738,98.53,28,98,2.33,overcast clouds
590,Mapiripan,CO,2.8892,-72.1256,86.38,62,89,1.72,overcast clouds
591,Meiganga,CM,6.5167,14.3,81.16,19,100,5.41,overcast clouds
592,Calama,CL,-22.4667,-68.9333,71.6,20,0,17.27,clear sky
593,Bardiyah,LY,31.7561,25.0865,64.78,47,0,6.35,clear sky
594,Usta Muhammad,PK,28.1794,68.0445,88.77,8,0,8.86,clear sky
595,Yatou,CN,37.15,122.3833,43.99,49,52,22.88,broken clouds
596,Brits,ZA,-25.6347,27.7802,80.6,31,0,6.91,clear sky
597,Bama,NG,11.5221,13.6856,90.45,9,8,13.09,clear sky
598,Nizhnevartovsk,RU,60.9344,76.5531,35.6,100,90,8.95,light snow
599,Gornopravdinsk,RU,60.05,69.9,34.39,89,100,9.33,overcast clouds
600,Pinerovka,RU,51.562,43.0689,35.46,98,100,9.78,light rain
601,Palmer,US,42.1584,-72.3287,44.01,19,1,9.22,clear sky
602,Hami,CN,42.8,93.45,54.43,11,100,5.14,overcast clouds
603,Dali,CN,25.7,100.1833,55.74,32,55,4.27,broken clouds
604,San Esteban,HN,15.2,-85.75,80.6,61,75,2.3,broken clouds
605,Ponta Delgada,PT,37.7333,-25.6667,62.6,82,75,20.71,broken clouds
606,Quatre Cocos,MU,-20.2078,57.7625,81.0,83,40,8.05,light rain
607,Nemuro,JP,43.3236,145.575,39.42,93,100,13.76,light rain
608,Nakamura,JP,32.9833,132.9333,61.61,94,100,4.47,overcast clouds
609,Pithoragarh,IN,29.5833,80.2167,49.77,13,0,4.79,clear sky
610,Northam,GB,51.0333,-4.2167,52.0,50,3,1.01,clear sky
611,Oranjemund,NA,-28.55,16.4333,63.82,77,0,11.14,clear sky
612,Emba,KZ,48.8264,58.1442,39.88,85,85,8.03,overcast clouds
613,Swan Hill,AU,-35.3378,143.5544,68.31,39,0,6.49,clear sky
614,Marinette,US,45.1,-87.6307,53.6,37,1,4.61,clear sky
615,Snasa,NO,64.2457,12.3778,38.82,94,99,20.22,overcast clouds
616,Nizwa,OM,22.9333,57.5333,88.54,10,3,2.3,clear sky
617,Emerald,AU,-23.5333,148.1667,69.8,88,75,10.36,broken clouds
618,Thinadhoo,MV,0.5333,72.9333,83.41,76,60,15.88,broken clouds
619,Buala,SB,-8.145,159.5921,80.71,80,97,5.17,overcast clouds
620,Cheney,US,47.4874,-117.5758,50.0,57,90,5.75,overcast clouds
621,Pandan,PH,14.0453,124.1694,78.57,86,42,9.17,scattered clouds
622,Loukhi,RU,66.0764,33.0381,27.73,93,78,4.27,broken clouds
623,Maxixe,MZ,-23.8597,35.3472,80.6,61,20,6.91,few clouds
624,Dalsingh Sarai,IN,25.6667,85.8333,80.8,5,2,8.59,clear sky
625,Cozumel,MX,20.5083,-86.9458,80.6,54,75,16.11,broken clouds
626,Chicama,PE,-7.8447,-79.1469,69.8,88,74,8.05,fog
627,Slave Lake,CA,55.2834,-114.769,32.0,80,1,2.3,clear sky
628,Vila,PT,42.0304,-8.1588,69.01,52,0,8.01,clear sky
629,Sibolga,ID,1.7427,98.7792,76.69,90,100,5.14,moderate rain
630,Puno,PE,-15.8333,-70.0333,55.4,47,40,8.05,scattered clouds
631,Gazanjyk,TM,39.2446,55.5154,57.74,69,98,3.98,overcast clouds
632,Marsa Matruh,EG,31.3525,27.2453,68.0,42,0,9.22,clear sky
633,Never,FR,46.9896,3.159,54.0,47,0,16.11,clear sky
634,Tayu,ID,-6.5397,111.0518,79.32,86,87,7.81,overcast clouds
635,Talacogon,PH,8.4167,125.8,72.59,98,77,0.67,broken clouds
636,Yangambi,CD,0.8102,24.4336,72.7,85,96,1.79,overcast clouds
637,Klaeng,TH,12.7797,101.6483,89.01,88,100,8.66,overcast clouds
638,Qasigiannguit,GL,68.8193,-51.1922,6.8,66,90,12.66,overcast clouds
639,Paragominas,BR,-2.9667,-47.4833,88.81,57,63,3.02,broken clouds
640,Magadan,RU,59.5667,150.8,17.96,65,100,21.92,overcast clouds
641,Baykit,RU,61.67,96.37,24.08,98,100,1.1,overcast clouds
642,Xiamen,CN,24.4798,118.0819,69.8,94,90,8.95,mist
643,Bulawayo,ZW,-20.15,28.5833,70.11,47,13,8.72,few clouds
644,Bulgan,MN,48.8125,103.5347,31.78,22,7,5.59,clear sky
645,Payo,ID,-3.7508,103.6372,72.9,96,100,1.14,overcast clouds
646,Concordia,AR,-31.393,-58.0209,78.01,60,46,3.0,scattered clouds
647,Fuling,CN,29.7022,107.3919,57.07,89,71,1.45,broken clouds
648,Alyangula,AU,-13.8483,136.4192,79.27,73,78,8.37,broken clouds
649,Yining,CN,29.0361,114.5636,53.38,93,100,1.92,overcast clouds
650,Adrar,MR,20.5022,-10.0711,100.18,4,87,9.15,overcast clouds
651,Manjacaze,MZ,-24.7117,33.8828,73.98,72,50,11.03,scattered clouds
652,Mangrol,IN,21.1167,70.1167,79.2,78,1,8.34,clear sky
653,Terme,TR,41.2092,36.9739,51.8,82,75,8.05,broken clouds
654,Komsomolskiy,UZ,40.4272,71.7189,50.0,46,68,4.61,broken clouds
655,Darab,IR,28.7519,54.5444,72.5,19,29,3.24,scattered clouds
656,Fort Nelson,CA,58.8053,-122.7002,19.4,63,40,4.61,scattered clouds
657,Gizycko,PL,54.0381,21.7644,36.34,95,98,12.24,overcast clouds
658,Urumqi,CN,43.801,87.6005,46.4,53,0,2.24,clear sky
659,Catuday,PH,16.2923,119.8062,78.31,83,7,3.74,clear sky
660,Belogorsk,RU,50.9158,128.4611,27.79,52,2,5.48,clear sky
661,Finschhafen,PG,-6.6024,147.8681,78.42,87,100,5.88,heavy intensity rain
662,Singapore,SG,1.2897,103.8501,80.6,89,75,2.3,heavy intensity rain
663,Pierre,US,44.3683,-100.351,70.0,33,1,12.66,clear sky
664,Mufumbwe,ZM,-13.6833,24.8,66.96,73,44,4.41,scattered clouds
665,Mayor Pablo Lagerenza,PY,-19.9309,-60.7718,92.61,32,100,5.3,overcast clouds
666,Dudinka,RU,69.4058,86.1778,-20.83,92,12,4.56,few clouds
667,Westport,US,41.1415,-73.3579,46.0,24,1,13.8,clear sky
668,Port Hedland,AU,-20.3167,118.5667,75.2,69,39,8.05,scattered clouds
669,Kawalu,ID,-7.3817,108.2082,72.79,94,85,2.46,overcast clouds
670,Visby,SE,57.6409,18.296,41.0,65,31,4.61,scattered clouds
671,Bandarbeyla,SO,9.4942,50.8122,80.37,73,31,9.04,scattered clouds
672,Brae,GB,60.3964,-1.353,46.4,87,90,18.41,overcast clouds
673,Zigong,CN,29.3416,104.7769,56.84,78,38,6.38,light rain
674,Jalapa,MX,19.5333,-96.9167,62.01,68,73,5.48,broken clouds
675,Mirandopolis,BR,-21.1336,-51.1017,91.92,24,4,7.29,clear sky
676,Esna,EG,25.2934,32.554,80.6,14,0,3.44,clear sky
677,Dodge City,US,37.7528,-100.0171,71.01,44,1,9.22,clear sky
678,Traverse City,US,44.7631,-85.6206,51.8,35,40,8.05,scattered clouds
679,Kerman,IR,30.2832,57.0788,77.0,18,75,18.41,broken clouds
680,Garden City,US,42.3256,-83.331,51.8,34,75,23.02,broken clouds
681,Kingman,US,35.1894,-114.053,75.0,17,1,1.36,clear sky
682,De-Kastri,RU,51.4667,140.7833,28.22,82,86,17.87,light snow
683,Alice Springs,AU,-23.7,133.8833,60.8,72,0,4.61,clear sky
684,Saint-Francois,FR,46.4154,3.9054,55.99,38,0,17.27,clear sky
685,Metu,ET,8.3,35.5833,66.76,68,99,4.65,overcast clouds
686,Serenje,ZM,-13.2325,30.2352,62.37,90,19,6.46,few clouds
687,Liverpool,GB,53.4106,-2.9779,55.4,58,0,8.05,clear sky
688,Baruun-Urt,MN,46.6806,113.2792,35.01,32,57,10.78,broken clouds
689,Pitanga,BR,-24.7572,-51.7614,79.47,40,0,2.19,clear sky
690,Keuruu,FI,62.2667,24.7,41.0,48,0,5.75,clear sky
691,San Carlos De Bariloche,AR,-41.1456,-71.3082,69.01,58,0,4.32,clear sky
692,Yungay,PE,-9.1383,-77.7436,67.89,58,76,4.05,light rain
693,Lacombe,CA,52.4668,-113.7353,37.4,52,100,6.91,overcast clouds
694,Siguiri,GN,11.6667,-9.5,103.64,4,27,4.32,scattered clouds
695,Severo-Yeniseyskiy,RU,60.3725,93.0408,27.25,94,100,10.45,light snow
696,Tual,ID,-5.6667,132.75,82.47,74,99,6.85,overcast clouds
697,Naberera,TZ,-4.2,36.9333,64.96,86,94,9.1,overcast clouds
698,Sao Miguel Do Araguaia,BR,-13.275,-50.1628,83.71,64,100,3.09,overcast clouds
699,Antalaha,MG,-14.9003,50.2788,76.24,89,21,7.14,light rain
700,Usinsk,RU,65.9939,57.5281,20.57,96,100,4.5,overcast clouds
701,Las Matas De Farfan,DO,18.8731,-71.5166,86.04,43,61,4.99,broken clouds
702,Yuyao,CN,30.05,121.1494,57.99,82,90,11.18,overcast clouds
703,Tabou,CI,4.423,-7.3528,83.21,71,65,8.84,broken clouds
704,Seoul,KR,37.5683,126.9778,51.8,93,90,10.36,light rain
705,Bilibino,RU,68.0546,166.4372,-23.8,95,90,5.08,overcast clouds
706,Otavi,NA,-19.65,17.3333,72.21,44,3,6.33,clear sky
707,Hirara,JP,24.8,125.2833,73.72,83,92,18.12,overcast clouds
708,Puerto Del Rosario,ES,28.5004,-13.8627,69.8,60,20,18.41,few clouds
